/home/iot/Self-Driving Robot//IMG2/Image_1702150745460089.jpg,0.0
/home/iot/Self-Driving Robot//IMG2/Image_1702150745498019.jpg,0.0
/home/iot/Self-Driving Robot//IMG2/Image_1702150745549899.jpg,0.0
/home/iot/Self-Driving Robot//IMG2/Image_1702150745595844.jpg,0.0
/home/iot/Self-Driving Robot//IMG2/Image_1702150745623682.jpg,0.0
/home/iot/Self-Driving Robot//IMG2/Image_1702150745661969.jpg,0.0
/home/iot/Self-Driving Robot//IMG2/Image_1702150745686819.jpg,0.0
/home/iot/Self-Driving Robot//IMG2/Image_1702150745710849.jpg,0.0
/home/iot/Self-Driving Robot//IMG2/Image_1702150745746973.jpg,0.0
/home/iot/Self-Driving Robot//IMG2/Image_170215074577238.jpg,0.0
/home/iot/Self-Driving Robot//IMG2/Image_1702150745797986.jpg,0.0
/home/iot/Self-Driving Robot//IMG2/Image_1702150745822722.jpg,0.0
/home/iot/Self-Driving Robot//IMG2/Image_1702150745846027.jpg,0.0
/home/iot/Self-Driving Robot//IMG2/Image_1702150745866192.jpg,0.0
/home/iot/Self-Driving Robot//IMG2/Image_1702150745896726.jpg,0.0
/home/iot/Self-Driving Robot//IMG2/Image_1702150745933785.jpg,0.0
/home/iot/Self-Driving Robot//IMG2/Image_1702150745965979.jpg,0.0
/home/iot/Self-Driving Robot//IMG2/Image_170215074600265.jpg,0.0
/home/iot/Self-Driving Robot//IMG2/Image_1702150746035295.jpg,0.0
/home/iot/Self-Driving Robot//IMG2/Image_1702150746066419.jpg,0.0
/home/iot/Self-Driving Robot//IMG2/Image_1702150746103804.jpg,0.0
/home/iot/Self-Driving Robot//IMG2/Image_1702150746134682.jpg,0.0
/home/iot/Self-Driving Robot//IMG2/Image_1702150746168115.jpg,0.0
/home/iot/Self-Driving Robot//IMG2/Image_1702150746202823.jpg,0.0
/home/iot/Self-Driving Robot//IMG2/Image_1702150746234568.jpg,0.0
/home/iot/Self-Driving Robot//IMG2/Image_1702150746267643.jpg,0.0
/home/iot/Self-Driving Robot//IMG2/Image_1702150746303866.jpg,0.0
/home/iot/Self-Driving Robot//IMG2/Image_1702150746336011.jpg,0.0
/home/iot/Self-Driving Robot//IMG2/Image_1702150746372301.jpg,0.0
/home/iot/Self-Driving Robot//IMG2/Image_1702150746403837.jpg,0.0
/home/iot/Self-Driving Robot//IMG2/Image_1702150746435184.jpg,0.0
/home/iot/Self-Driving Robot//IMG2/Image_1702150746470751.jpg,0.0
/home/iot/Self-Driving Robot//IMG2/Image_1702150746503049.jpg,0.0
/home/iot/Self-Driving Robot//IMG2/Image_1702150746535231.jpg,0.0
/home/iot/Self-Driving Robot//IMG2/Image_1702150746571339.jpg,0.0
/home/iot/Self-Driving Robot//IMG2/Image_1702150746604331.jpg,0.0
/home/iot/Self-Driving Robot//IMG2/Image_1702150746637578.jpg,0.0
/home/iot/Self-Driving Robot//IMG2/Image_170215074667272.jpg,0.0
/home/iot/Self-Driving Robot//IMG2/Image_1702150746704819.jpg,0.0
/home/iot/Self-Driving Robot//IMG2/Image_1702150746737482.jpg,0.0
/home/iot/Self-Driving Robot//IMG2/Image_1702150746775422.jpg,0.0
/home/iot/Self-Driving Robot//IMG2/Image_1702150746810141.jpg,0.0
/home/iot/Self-Driving Robot//IMG2/Image_1702150746840301.jpg,0.0
/home/iot/Self-Driving Robot//IMG2/Image_1702150746872476.jpg,0.0
/home/iot/Self-Driving Robot//IMG2/Image_1702150746904329.jpg,0.0
/home/iot/Self-Driving Robot//IMG2/Image_1702150746939856.jpg,0.0
/home/iot/Self-Driving Robot//IMG2/Image_1702150746974373.jpg,0.0
/home/iot/Self-Driving Robot//IMG2/Image_1702150747009504.jpg,0.0
/home/iot/Self-Driving Robot//IMG2/Image_1702150747041231.jpg,0.0
/home/iot/Self-Driving Robot//IMG2/Image_1702150747073447.jpg,0.0
/home/iot/Self-Driving Robot//IMG2/Image_1702150747108507.jpg,0.0
/home/iot/Self-Driving Robot//IMG2/Image_1702150747140554.jpg,0.0
/home/iot/Self-Driving Robot//IMG2/Image_1702150747176612.jpg,0.0
/home/iot/Self-Driving Robot//IMG2/Image_1702150747209336.jpg,0.0
/home/iot/Self-Driving Robot//IMG2/Image_1702150747240364.jpg,0.0
/home/iot/Self-Driving Robot//IMG2/Image_1702150747277227.jpg,0.0
/home/iot/Self-Driving Robot//IMG2/Image_1702150747308342.jpg,0.0
/home/iot/Self-Driving Robot//IMG2/Image_1702150747342319.jpg,0.0
/home/iot/Self-Driving Robot//IMG2/Image_1702150747376487.jpg,0.0
/home/iot/Self-Driving Robot//IMG2/Image_1702150747409439.jpg,0.0
/home/iot/Self-Driving Robot//IMG2/Image_1702150747445247.jpg,0.0
/home/iot/Self-Driving Robot//IMG2/Image_170215074748906.jpg,0.0
/home/iot/Self-Driving Robot//IMG2/Image_1702150747512129.jpg,0.0
/home/iot/Self-Driving Robot//IMG2/Image_1702150747544803.jpg,0.0
/home/iot/Self-Driving Robot//IMG2/Image_1702150747577261.jpg,0.0
/home/iot/Self-Driving Robot//IMG2/Image_1702150747608766.jpg,0.0
/home/iot/Self-Driving Robot//IMG2/Image_170215074764345.jpg,0.0
/home/iot/Self-Driving Robot//IMG2/Image_1702150747675623.jpg,0.0
/home/iot/Self-Driving Robot//IMG2/Image_1702150747712987.jpg,0.0
/home/iot/Self-Driving Robot//IMG2/Image_1702150747746364.jpg,0.37
/home/iot/Self-Driving Robot//IMG2/Image_1702150747778903.jpg,0.63
/home/iot/Self-Driving Robot//IMG2/Image_1702150747813824.jpg,0.87
/home/iot/Self-Driving Robot//IMG2/Image_1702150747846468.jpg,0.94
/home/iot/Self-Driving Robot//IMG2/Image_1702150747877968.jpg,0.94
/home/iot/Self-Driving Robot//IMG2/Image_170215074791459.jpg,0.67
/home/iot/Self-Driving Robot//IMG2/Image_1702150747945927.jpg,0.16
/home/iot/Self-Driving Robot//IMG2/Image_1702150747983692.jpg,0.0
/home/iot/Self-Driving Robot//IMG2/Image_1702150748015393.jpg,0.0
/home/iot/Self-Driving Robot//IMG2/Image_1702150748045112.jpg,0.0
/home/iot/Self-Driving Robot//IMG2/Image_1702150748085229.jpg,0.0
/home/iot/Self-Driving Robot//IMG2/Image_1702150748113859.jpg,0.0
/home/iot/Self-Driving Robot//IMG2/Image_1702150748150063.jpg,0.0
/home/iot/Self-Driving Robot//IMG2/Image_1702150748183894.jpg,0.0
/home/iot/Self-Driving Robot//IMG2/Image_1702150748215286.jpg,0.0
/home/iot/Self-Driving Robot//IMG2/Image_1702150748251628.jpg,0.0
/home/iot/Self-Driving Robot//IMG2/Image_1702150748284275.jpg,0.0
/home/iot/Self-Driving Robot//IMG2/Image_1702150748315078.jpg,0.0
/home/iot/Self-Driving Robot//IMG2/Image_1702150748350667.jpg,0.0
/home/iot/Self-Driving Robot//IMG2/Image_1702150748385498.jpg,0.0
/home/iot/Self-Driving Robot//IMG2/Image_170215074842012.jpg,0.0
/home/iot/Self-Driving Robot//IMG2/Image_1702150748451421.jpg,0.0
/home/iot/Self-Driving Robot//IMG2/Image_1702150748484887.jpg,0.0
/home/iot/Self-Driving Robot//IMG2/Image_1702150748523039.jpg,0.0
/home/iot/Self-Driving Robot//IMG2/Image_170215074855392.jpg,0.0
/home/iot/Self-Driving Robot//IMG2/Image_1702150748585968.jpg,0.0
/home/iot/Self-Driving Robot//IMG2/Image_1702150748622868.jpg,0.0
/home/iot/Self-Driving Robot//IMG2/Image_170215074865407.jpg,0.0
/home/iot/Self-Driving Robot//IMG2/Image_170215074868497.jpg,0.0
/home/iot/Self-Driving Robot//IMG2/Image_1702150748722826.jpg,0.0
/home/iot/Self-Driving Robot//IMG2/Image_1702150748752552.jpg,0.0
/home/iot/Self-Driving Robot//IMG2/Image_1702150748788683.jpg,0.0
/home/iot/Self-Driving Robot//IMG2/Image_170215074882358.jpg,0.0
/home/iot/Self-Driving Robot//IMG2/Image_1702150748857331.jpg,0.0
/home/iot/Self-Driving Robot//IMG2/Image_1702150748889895.jpg,0.0
/home/iot/Self-Driving Robot//IMG2/Image_1702150748921583.jpg,0.0
/home/iot/Self-Driving Robot//IMG2/Image_1702150748953039.jpg,0.0
/home/iot/Self-Driving Robot//IMG2/Image_1702150748988217.jpg,0.14
/home/iot/Self-Driving Robot//IMG2/Image_1702150749020657.jpg,0.37
/home/iot/Self-Driving Robot//IMG2/Image_1702150749054002.jpg,1.0
/home/iot/Self-Driving Robot//IMG2/Image_1702150749090386.jpg,1.0
/home/iot/Self-Driving Robot//IMG2/Image_1702150749121303.jpg,1.0
/home/iot/Self-Driving Robot//IMG2/Image_1702150749153279.jpg,0.71
/home/iot/Self-Driving Robot//IMG2/Image_170215074918905.jpg,0.0
/home/iot/Self-Driving Robot//IMG2/Image_1702150749222247.jpg,0.0
/home/iot/Self-Driving Robot//IMG2/Image_1702150749257693.jpg,0.0
/home/iot/Self-Driving Robot//IMG2/Image_1702150749296769.jpg,0.0
/home/iot/Self-Driving Robot//IMG2/Image_170215074933799.jpg,0.0
/home/iot/Self-Driving Robot//IMG2/Image_1702150749381313.jpg,0.0
/home/iot/Self-Driving Robot//IMG2/Image_170215074942175.jpg,0.0
/home/iot/Self-Driving Robot//IMG2/Image_1702150749465393.jpg,0.0
/home/iot/Self-Driving Robot//IMG2/Image_1702150749505436.jpg,0.0
/home/iot/Self-Driving Robot//IMG2/Image_1702150749545025.jpg,0.0
/home/iot/Self-Driving Robot//IMG2/Image_1702150749590333.jpg,0.0
/home/iot/Self-Driving Robot//IMG2/Image_1702150749630113.jpg,0.0
/home/iot/Self-Driving Robot//IMG2/Image_1702150749670718.jpg,0.0
/home/iot/Self-Driving Robot//IMG2/Image_1702150749714587.jpg,0.0
/home/iot/Self-Driving Robot//IMG2/Image_1702150749755459.jpg,0.0
/home/iot/Self-Driving Robot//IMG2/Image_1702150749799264.jpg,0.0
/home/iot/Self-Driving Robot//IMG2/Image_1702150749839959.jpg,0.0
/home/iot/Self-Driving Robot//IMG2/Image_170215074987725.jpg,0.0
/home/iot/Self-Driving Robot//IMG2/Image_1702150749922849.jpg,0.0
/home/iot/Self-Driving Robot//IMG2/Image_1702150749963962.jpg,0.0
/home/iot/Self-Driving Robot//IMG2/Image_1702150750003898.jpg,0.0
/home/iot/Self-Driving Robot//IMG2/Image_1702150750046247.jpg,0.0
/home/iot/Self-Driving Robot//IMG2/Image_1702150750086568.jpg,0.0
/home/iot/Self-Driving Robot//IMG2/Image_1702150750131472.jpg,0.0
/home/iot/Self-Driving Robot//IMG2/Image_1702150750171912.jpg,0.0
/home/iot/Self-Driving Robot//IMG2/Image_1702150750213438.jpg,0.0
/home/iot/Self-Driving Robot//IMG2/Image_1702150750254085.jpg,0.05
/home/iot/Self-Driving Robot//IMG2/Image_1702150750298958.jpg,0.36
/home/iot/Self-Driving Robot//IMG2/Image_1702150750335813.jpg,1.0
/home/iot/Self-Driving Robot//IMG2/Image_1702150750378691.jpg,0.99
/home/iot/Self-Driving Robot//IMG2/Image_1702150750419361.jpg,0.0
/home/iot/Self-Driving Robot//IMG2/Image_1702150750462393.jpg,0.0
/home/iot/Self-Driving Robot//IMG2/Image_1702150750506831.jpg,0.0
/home/iot/Self-Driving Robot//IMG2/Image_1702150750543537.jpg,0.0
/home/iot/Self-Driving Robot//IMG2/Image_1702150750587341.jpg,0.0
/home/iot/Self-Driving Robot//IMG2/Image_1702150750626697.jpg,0.0
/home/iot/Self-Driving Robot//IMG2/Image_1702150750671149.jpg,0.0
/home/iot/Self-Driving Robot//IMG2/Image_1702150750710751.jpg,0.0
/home/iot/Self-Driving Robot//IMG2/Image_1702150750752917.jpg,0.0
/home/iot/Self-Driving Robot//IMG2/Image_1702150750795533.jpg,0.0
/home/iot/Self-Driving Robot//IMG2/Image_1702150750835501.jpg,0.0
/home/iot/Self-Driving Robot//IMG2/Image_1702150750875598.jpg,0.0
/home/iot/Self-Driving Robot//IMG2/Image_1702150750918689.jpg,0.0
/home/iot/Self-Driving Robot//IMG2/Image_1702150750958915.jpg,-0.14
/home/iot/Self-Driving Robot//IMG2/Image_1702150751003333.jpg,-0.68
/home/iot/Self-Driving Robot//IMG2/Image_1702150751043491.jpg,-1.0
/home/iot/Self-Driving Robot//IMG2/Image_1702150751083352.jpg,-1.0
/home/iot/Self-Driving Robot//IMG2/Image_1702150751126316.jpg,-1.0
/home/iot/Self-Driving Robot//IMG2/Image_1702150751166849.jpg,-1.0
/home/iot/Self-Driving Robot//IMG2/Image_1702150751207004.jpg,-0.76
/home/iot/Self-Driving Robot//IMG2/Image_1702150751250935.jpg,0.0
/home/iot/Self-Driving Robot//IMG2/Image_1702150751291591.jpg,0.0
/home/iot/Self-Driving Robot//IMG2/Image_1702150751335068.jpg,0.0
/home/iot/Self-Driving Robot//IMG2/Image_1702150751374781.jpg,0.0
/home/iot/Self-Driving Robot//IMG2/Image_1702150751415495.jpg,0.0
/home/iot/Self-Driving Robot//IMG2/Image_1702150751457946.jpg,0.0
/home/iot/Self-Driving Robot//IMG2/Image_1702150751498655.jpg,0.0
/home/iot/Self-Driving Robot//IMG2/Image_1702150751538228.jpg,0.0
/home/iot/Self-Driving Robot//IMG2/Image_1702150751583717.jpg,0.0
/home/iot/Self-Driving Robot//IMG2/Image_1702150751623594.jpg,0.0
/home/iot/Self-Driving Robot//IMG2/Image_1702150751667493.jpg,0.0
/home/iot/Self-Driving Robot//IMG2/Image_1702150751708167.jpg,0.0
/home/iot/Self-Driving Robot//IMG2/Image_1702150751747524.jpg,0.0
/home/iot/Self-Driving Robot//IMG2/Image_1702150751790882.jpg,0.0
/home/iot/Self-Driving Robot//IMG2/Image_1702150751832134.jpg,0.0
/home/iot/Self-Driving Robot//IMG2/Image_1702150751871254.jpg,0.0
/home/iot/Self-Driving Robot//IMG2/Image_1702150751914085.jpg,0.0
/home/iot/Self-Driving Robot//IMG2/Image_1702150751954849.jpg,0.0
/home/iot/Self-Driving Robot//IMG2/Image_1702150751998269.jpg,0.07
/home/iot/Self-Driving Robot//IMG2/Image_1702150752062894.jpg,0.8
/home/iot/Self-Driving Robot//IMG2/Image_1702150752130557.jpg,1.0
/home/iot/Self-Driving Robot//IMG2/Image_1702150752193863.jpg,1.0
/home/iot/Self-Driving Robot//IMG2/Image_1702150752262393.jpg,0.61
/home/iot/Self-Driving Robot//IMG2/Image_1702150752330293.jpg,0.0
/home/iot/Self-Driving Robot//IMG2/Image_1702150752395324.jpg,0.0
/home/iot/Self-Driving Robot//IMG2/Image_1702150752462441.jpg,0.0
/home/iot/Self-Driving Robot//IMG2/Image_1702150752526632.jpg,0.95
/home/iot/Self-Driving Robot//IMG2/Image_1702150752594272.jpg,0.9
/home/iot/Self-Driving Robot//IMG2/Image_1702150752662121.jpg,0.74
/home/iot/Self-Driving Robot//IMG2/Image_1702150752727291.jpg,0.01
/home/iot/Self-Driving Robot//IMG2/Image_170215075279439.jpg,0.0
/home/iot/Self-Driving Robot//IMG2/Image_1702150752858025.jpg,0.25
/home/iot/Self-Driving Robot//IMG2/Image_1702150752925937.jpg,1.0
/home/iot/Self-Driving Robot//IMG2/Image_1702150752994831.jpg,1.0
/home/iot/Self-Driving Robot//IMG2/Image_1702150753058086.jpg,1.0
/home/iot/Self-Driving Robot//IMG2/Image_1702150753125586.jpg,0.76
/home/iot/Self-Driving Robot//IMG2/Image_1702150753190202.jpg,0.0
/home/iot/Self-Driving Robot//IMG2/Image_1702150753258947.jpg,0.0
/home/iot/Self-Driving Robot//IMG2/Image_1702150753323804.jpg,0.0
/home/iot/Self-Driving Robot//IMG2/Image_1702150753390532.jpg,0.0
/home/iot/Self-Driving Robot//IMG2/Image_170215075345945.jpg,0.0
/home/iot/Self-Driving Robot//IMG2/Image_1702150753524451.jpg,0.0
/home/iot/Self-Driving Robot//IMG2/Image_1702150753590572.jpg,0.0
/home/iot/Self-Driving Robot//IMG2/Image_1702150753654806.jpg,0.0
/home/iot/Self-Driving Robot//IMG2/Image_1702150753723907.jpg,0.03
/home/iot/Self-Driving Robot//IMG2/Image_1702150753790927.jpg,1.0
/home/iot/Self-Driving Robot//IMG2/Image_170215075385521.jpg,1.0
/home/iot/Self-Driving Robot//IMG2/Image_1702150753922865.jpg,0.08
/home/iot/Self-Driving Robot//IMG2/Image_1702150753986288.jpg,0.0
/home/iot/Self-Driving Robot//IMG2/Image_1702150754054879.jpg,0.0
/home/iot/Self-Driving Robot//IMG2/Image_170215075412355.jpg,0.11
/home/iot/Self-Driving Robot//IMG2/Image_1702150754187069.jpg,1.0
/home/iot/Self-Driving Robot//IMG2/Image_1702150754256325.jpg,1.0
/home/iot/Self-Driving Robot//IMG2/Image_1702150754319772.jpg,0.88
/home/iot/Self-Driving Robot//IMG2/Image_170215075438789.jpg,0.0
/home/iot/Self-Driving Robot//IMG2/Image_1702150754455538.jpg,0.0
/home/iot/Self-Driving Robot//IMG2/Image_1702150754519061.jpg,0.0
/home/iot/Self-Driving Robot//IMG2/Image_1702150754588448.jpg,0.0
/home/iot/Self-Driving Robot//IMG2/Image_1702150754653113.jpg,0.0
/home/iot/Self-Driving Robot//IMG2/Image_1702150754719796.jpg,0.0
/home/iot/Self-Driving Robot//IMG2/Image_1702150754787636.jpg,0.0
/home/iot/Self-Driving Robot//IMG2/Image_1702150754854153.jpg,0.07
/home/iot/Self-Driving Robot//IMG2/Image_1702150754918077.jpg,0.85
/home/iot/Self-Driving Robot//IMG2/Image_1702150754982297.jpg,1.0
/home/iot/Self-Driving Robot//IMG2/Image_1702150755051147.jpg,1.0
/home/iot/Self-Driving Robot//IMG2/Image_1702150755119284.jpg,0.0
/home/iot/Self-Driving Robot//IMG2/Image_170215075518304.jpg,0.0
/home/iot/Self-Driving Robot//IMG2/Image_170215075525066.jpg,0.0
/home/iot/Self-Driving Robot//IMG2/Image_1702150755315157.jpg,0.0
/home/iot/Self-Driving Robot//IMG2/Image_1702150755382131.jpg,0.0
/home/iot/Self-Driving Robot//IMG2/Image_1702150755451135.jpg,0.0
/home/iot/Self-Driving Robot//IMG2/Image_1702150755515475.jpg,0.0
/home/iot/Self-Driving Robot//IMG2/Image_1702150755584581.jpg,0.0
/home/iot/Self-Driving Robot//IMG2/Image_1702150755648066.jpg,0.0
/home/iot/Self-Driving Robot//IMG2/Image_1702150755715688.jpg,0.0
/home/iot/Self-Driving Robot//IMG2/Image_1702150755779098.jpg,0.0
/home/iot/Self-Driving Robot//IMG2/Image_1702150755847509.jpg,0.0
/home/iot/Self-Driving Robot//IMG2/Image_1702150755914503.jpg,0.0
/home/iot/Self-Driving Robot//IMG2/Image_1702150755978003.jpg,0.0
/home/iot/Self-Driving Robot//IMG2/Image_1702150756047741.jpg,0.0
/home/iot/Self-Driving Robot//IMG2/Image_1702150756109817.jpg,-0.37
/home/iot/Self-Driving Robot//IMG2/Image_1702150756179981.jpg,-0.99
/home/iot/Self-Driving Robot//IMG2/Image_1702150756249238.jpg,-0.89
/home/iot/Self-Driving Robot//IMG2/Image_1702150756313298.jpg,0.0
/home/iot/Self-Driving Robot//IMG2/Image_1702150756378103.jpg,0.0
/home/iot/Self-Driving Robot//IMG2/Image_1702150756443386.jpg,0.0
/home/iot/Self-Driving Robot//IMG2/Image_1702150756512924.jpg,0.0
/home/iot/Self-Driving Robot//IMG2/Image_1702150756578724.jpg,0.0
/home/iot/Self-Driving Robot//IMG2/Image_1702150756642132.jpg,0.0
/home/iot/Self-Driving Robot//IMG2/Image_1702150756709639.jpg,0.0
/home/iot/Self-Driving Robot//IMG2/Image_1702150756774955.jpg,0.0
/home/iot/Self-Driving Robot//IMG2/Image_1702150756842908.jpg,0.0
/home/iot/Self-Driving Robot//IMG2/Image_1702150756910575.jpg,0.0
/home/iot/Self-Driving Robot//IMG2/Image_1702150756974569.jpg,0.0
/home/iot/Self-Driving Robot//IMG2/Image_1702150757042921.jpg,0.0
/home/iot/Self-Driving Robot//IMG2/Image_1702150757107428.jpg,0.0
/home/iot/Self-Driving Robot//IMG2/Image_1702150757175599.jpg,0.0
/home/iot/Self-Driving Robot//IMG2/Image_1702150757242059.jpg,-0.36
/home/iot/Self-Driving Robot//IMG2/Image_1702150757306143.jpg,-0.87
/home/iot/Self-Driving Robot//IMG2/Image_170215075737514.jpg,-0.77
/home/iot/Self-Driving Robot//IMG2/Image_1702150757443635.jpg,0.0
/home/iot/Self-Driving Robot//IMG2/Image_1702150757506571.jpg,0.0
/home/iot/Self-Driving Robot//IMG2/Image_1702150757574692.jpg,0.0
/home/iot/Self-Driving Robot//IMG2/Image_1702150757638693.jpg,0.0
/home/iot/Self-Driving Robot//IMG2/Image_1702150757706585.jpg,0.0
/home/iot/Self-Driving Robot//IMG2/Image_1702150757770813.jpg,0.0
/home/iot/Self-Driving Robot//IMG2/Image_170215075783875.jpg,0.0
/home/iot/Self-Driving Robot//IMG2/Image_1702150757906465.jpg,0.0
/home/iot/Self-Driving Robot//IMG2/Image_1702150757970805.jpg,0.0
/home/iot/Self-Driving Robot//IMG2/Image_1702150758038937.jpg,0.0
/home/iot/Self-Driving Robot//IMG2/Image_1702150758103229.jpg,-0.09
/home/iot/Self-Driving Robot//IMG2/Image_1702150758170971.jpg,-0.45
/home/iot/Self-Driving Robot//IMG2/Image_1702150758238501.jpg,-1.0
/home/iot/Self-Driving Robot//IMG2/Image_1702150758303178.jpg,-1.0
/home/iot/Self-Driving Robot//IMG2/Image_1702150758370546.jpg,-0.48
/home/iot/Self-Driving Robot//IMG2/Image_1702150758435839.jpg,-0.45
/home/iot/Self-Driving Robot//IMG2/Image_170215075850363.jpg,-0.53
/home/iot/Self-Driving Robot//IMG2/Image_1702150758567407.jpg,-1.0
/home/iot/Self-Driving Robot//IMG2/Image_1702150758635371.jpg,-1.0
/home/iot/Self-Driving Robot//IMG2/Image_17021507587039.jpg,-1.0
/home/iot/Self-Driving Robot//IMG2/Image_1702150758767409.jpg,-1.0
/home/iot/Self-Driving Robot//IMG2/Image_1702150758835748.jpg,-0.74
/home/iot/Self-Driving Robot//IMG2/Image_1702150758899996.jpg,0.0
/home/iot/Self-Driving Robot//IMG2/Image_1702150758967046.jpg,0.0
/home/iot/Self-Driving Robot//IMG2/Image_1702150759035358.jpg,0.0
/home/iot/Self-Driving Robot//IMG2/Image_1702150759099356.jpg,0.0
/home/iot/Self-Driving Robot//IMG2/Image_1702150759168144.jpg,0.0
/home/iot/Self-Driving Robot//IMG2/Image_1702150759231295.jpg,0.0
/home/iot/Self-Driving Robot//IMG2/Image_1702150759299736.jpg,0.0
/home/iot/Self-Driving Robot//IMG2/Image_1702150759368419.jpg,0.0
/home/iot/Self-Driving Robot//IMG2/Image_1702150759431457.jpg,0.0
/home/iot/Self-Driving Robot//IMG2/Image_1702150759499145.jpg,0.0
/home/iot/Self-Driving Robot//IMG2/Image_1702150759564541.jpg,0.0
/home/iot/Self-Driving Robot//IMG2/Image_170215075963091.jpg,0.0
/home/iot/Self-Driving Robot//IMG2/Image_1702150759700019.jpg,0.0
/home/iot/Self-Driving Robot//IMG2/Image_1702150759763243.jpg,0.0
/home/iot/Self-Driving Robot//IMG2/Image_1702150759831702.jpg,0.0
/home/iot/Self-Driving Robot//IMG2/Image_1702150759896212.jpg,0.0
/home/iot/Self-Driving Robot//IMG2/Image_1702150759963532.jpg,0.0
/home/iot/Self-Driving Robot//IMG2/Image_1702150760031289.jpg,0.0
/home/iot/Self-Driving Robot//IMG2/Image_1702150760096453.jpg,0.0
/home/iot/Self-Driving Robot//IMG2/Image_1702150760163663.jpg,0.0
/home/iot/Self-Driving Robot//IMG2/Image_1702150760227469.jpg,0.0
/home/iot/Self-Driving Robot//IMG2/Image_1702150760295049.jpg,0.0
/home/iot/Self-Driving Robot//IMG2/Image_1702150760364479.jpg,0.0
/home/iot/Self-Driving Robot//IMG2/Image_1702150760427265.jpg,-0.03
/home/iot/Self-Driving Robot//IMG2/Image_1702150760495577.jpg,-0.66
/home/iot/Self-Driving Robot//IMG2/Image_1702150760559818.jpg,-1.0
/home/iot/Self-Driving Robot//IMG2/Image_1702150760626859.jpg,-1.0
/home/iot/Self-Driving Robot//IMG2/Image_1702150760696314.jpg,-0.07
/home/iot/Self-Driving Robot//IMG2/Image_1702150760760193.jpg,0.0
/home/iot/Self-Driving Robot//IMG2/Image_1702150760827427.jpg,0.0
/home/iot/Self-Driving Robot//IMG2/Image_1702150760893033.jpg,0.0
/home/iot/Self-Driving Robot//IMG2/Image_1702150760958873.jpg,0.0
/home/iot/Self-Driving Robot//IMG2/Image_1702150761024094.jpg,0.0
/home/iot/Self-Driving Robot//IMG2/Image_1702150761090991.jpg,0.0
/home/iot/Self-Driving Robot//IMG2/Image_1702150761159148.jpg,0.0
/home/iot/Self-Driving Robot//IMG2/Image_1702150761224791.jpg,0.0
/home/iot/Self-Driving Robot//IMG2/Image_1702150761291888.jpg,-0.07
/home/iot/Self-Driving Robot//IMG2/Image_1702150761355446.jpg,-1.0
/home/iot/Self-Driving Robot//IMG2/Image_1702150761424578.jpg,-1.0
/home/iot/Self-Driving Robot//IMG2/Image_1702150761491133.jpg,-1.0
/home/iot/Self-Driving Robot//IMG2/Image_1702150761555552.jpg,0.0
/home/iot/Self-Driving Robot//IMG2/Image_1702150761625127.jpg,0.0
/home/iot/Self-Driving Robot//IMG2/Image_1702150761689013.jpg,0.0
/home/iot/Self-Driving Robot//IMG2/Image_1702150761755042.jpg,0.0
/home/iot/Self-Driving Robot//IMG2/Image_170215076182419.jpg,0.0
/home/iot/Self-Driving Robot//IMG2/Image_1702150761887521.jpg,0.0
/home/iot/Self-Driving Robot//IMG2/Image_1702150761954975.jpg,0.0
/home/iot/Self-Driving Robot//IMG2/Image_1702150762019073.jpg,0.0
/home/iot/Self-Driving Robot//IMG2/Image_1702150762086774.jpg,-0.09
/home/iot/Self-Driving Robot//IMG2/Image_1702150762154833.jpg,-0.63
/home/iot/Self-Driving Robot//IMG2/Image_1702150762218979.jpg,-1.0
/home/iot/Self-Driving Robot//IMG2/Image_1702150762286458.jpg,-1.0
/home/iot/Self-Driving Robot//IMG2/Image_1702150762350817.jpg,-0.8
/home/iot/Self-Driving Robot//IMG2/Image_1702150762419129.jpg,0.0
/home/iot/Self-Driving Robot//IMG2/Image_1702150762486789.jpg,0.0
/home/iot/Self-Driving Robot//IMG2/Image_1702150762551298.jpg,0.0
/home/iot/Self-Driving Robot//IMG2/Image_1702150762624153.jpg,0.0
/home/iot/Self-Driving Robot//IMG2/Image_1702150762683766.jpg,-0.02
/home/iot/Self-Driving Robot//IMG2/Image_1702150762751034.jpg,-0.73
/home/iot/Self-Driving Robot//IMG2/Image_1702150762819391.jpg,-1.0
/home/iot/Self-Driving Robot//IMG2/Image_1702150762883003.jpg,-1.0
/home/iot/Self-Driving Robot//IMG2/Image_170215076295244.jpg,-1.0
/home/iot/Self-Driving Robot//IMG2/Image_1702150763015747.jpg,-0.92
/home/iot/Self-Driving Robot//IMG2/Image_1702150763083383.jpg,0.0
/home/iot/Self-Driving Robot//IMG2/Image_1702150763151449.jpg,0.0
/home/iot/Self-Driving Robot//IMG2/Image_1702150763215047.jpg,0.0
/home/iot/Self-Driving Robot//IMG2/Image_1702150763283231.jpg,0.0
/home/iot/Self-Driving Robot//IMG2/Image_1702150763323512.jpg,0.0
/home/iot/Self-Driving Robot//IMG2/Image_1702150763363317.jpg,0.0
/home/iot/Self-Driving Robot//IMG2/Image_1702150763406986.jpg,0.77
/home/iot/Self-Driving Robot//IMG2/Image_1702150763447324.jpg,1.0
/home/iot/Self-Driving Robot//IMG2/Image_1702150763490715.jpg,1.0
/home/iot/Self-Driving Robot//IMG2/Image_1702150763531223.jpg,1.0
/home/iot/Self-Driving Robot//IMG2/Image_1702150763571248.jpg,1.0
/home/iot/Self-Driving Robot//IMG2/Image_1702150763615115.jpg,1.0
/home/iot/Self-Driving Robot//IMG2/Image_1702150763655619.jpg,1.0
/home/iot/Self-Driving Robot//IMG2/Image_1702150763694823.jpg,0.99
/home/iot/Self-Driving Robot//IMG2/Image_1702150763739776.jpg,0.0
/home/iot/Self-Driving Robot//IMG2/Image_1702150763779845.jpg,0.0
/home/iot/Self-Driving Robot//IMG2/Image_1702150763823141.jpg,0.0
/home/iot/Self-Driving Robot//IMG2/Image_1702150763862916.jpg,0.0
/home/iot/Self-Driving Robot//IMG2/Image_1702150763904905.jpg,0.0
/home/iot/Self-Driving Robot//IMG2/Image_1702150763949204.jpg,0.0
/home/iot/Self-Driving Robot//IMG2/Image_1702150763988562.jpg,0.0
/home/iot/Self-Driving Robot//IMG2/Image_1702150764031029.jpg,0.0
/home/iot/Self-Driving Robot//IMG2/Image_1702150764070948.jpg,0.0
/home/iot/Self-Driving Robot//IMG2/Image_1702150764110463.jpg,0.0
/home/iot/Self-Driving Robot//IMG2/Image_170215076415474.jpg,0.0
/home/iot/Self-Driving Robot//IMG2/Image_1702150764195085.jpg,0.0
/home/iot/Self-Driving Robot//IMG2/Image_1702150764235478.jpg,0.0
/home/iot/Self-Driving Robot//IMG2/Image_1702150764278831.jpg,0.0
/home/iot/Self-Driving Robot//IMG2/Image_1702150764321447.jpg,0.0
/home/iot/Self-Driving Robot//IMG2/Image_1702150764365325.jpg,0.0
/home/iot/Self-Driving Robot//IMG2/Image_1702150764405093.jpg,0.0
/home/iot/Self-Driving Robot//IMG2/Image_1702150764443452.jpg,0.0
/home/iot/Self-Driving Robot//IMG2/Image_1702150764489209.jpg,0.0
/home/iot/Self-Driving Robot//IMG2/Image_170215076452791.jpg,0.0
/home/iot/Self-Driving Robot//IMG2/Image_1702150764568148.jpg,0.0
/home/iot/Self-Driving Robot//IMG2/Image_170215076461294.jpg,0.0
/home/iot/Self-Driving Robot//IMG2/Image_1702150764653617.jpg,-0.01
/home/iot/Self-Driving Robot//IMG2/Image_1702150764692375.jpg,-0.62
/home/iot/Self-Driving Robot//IMG2/Image_170215076476085.jpg,-1.0
/home/iot/Self-Driving Robot//IMG2/Image_1702150764827376.jpg,-1.0
/home/iot/Self-Driving Robot//IMG2/Image_170215076489363.jpg,0.0
/home/iot/Self-Driving Robot//IMG2/Image_1702150764960788.jpg,0.0
/home/iot/Self-Driving Robot//IMG2/Image_1702150765024433.jpg,0.0
/home/iot/Self-Driving Robot//IMG2/Image_1702150765091364.jpg,0.0
/home/iot/Self-Driving Robot//IMG2/Image_1702150765160706.jpg,0.0
/home/iot/Self-Driving Robot//IMG2/Image_1702150765225479.jpg,0.0
/home/iot/Self-Driving Robot//IMG2/Image_1702150765293371.jpg,0.0
/home/iot/Self-Driving Robot//IMG2/Image_1702150765356295.jpg,-0.04
/home/iot/Self-Driving Robot//IMG2/Image_1702150765424966.jpg,-0.93
/home/iot/Self-Driving Robot//IMG2/Image_1702150765491751.jpg,-1.0
/home/iot/Self-Driving Robot//IMG2/Image_1702150765555986.jpg,-1.0
/home/iot/Self-Driving Robot//IMG2/Image_1702150765624253.jpg,-1.0
/home/iot/Self-Driving Robot//IMG2/Image_1702150765687494.jpg,-1.0
/home/iot/Self-Driving Robot//IMG2/Image_1702150765755803.jpg,-1.0
/home/iot/Self-Driving Robot//IMG2/Image_1702150765825399.jpg,-1.0
/home/iot/Self-Driving Robot//IMG2/Image_1702150765889165.jpg,-1.0
/home/iot/Self-Driving Robot//IMG2/Image_1702150765957327.jpg,-1.0
/home/iot/Self-Driving Robot//IMG2/Image_1702150766020612.jpg,-1.0
/home/iot/Self-Driving Robot//IMG2/Image_1702150766089515.jpg,0.0
/home/iot/Self-Driving Robot//IMG2/Image_1702150766157258.jpg,0.0
/home/iot/Self-Driving Robot//IMG2/Image_1702150766220931.jpg,0.0
/home/iot/Self-Driving Robot//IMG2/Image_1702150766288048.jpg,0.0
/home/iot/Self-Driving Robot//IMG2/Image_170215076635281.jpg,0.0
/home/iot/Self-Driving Robot//IMG2/Image_1702150766420258.jpg,0.0
/home/iot/Self-Driving Robot//IMG2/Image_170215076648815.jpg,0.0
/home/iot/Self-Driving Robot//IMG2/Image_1702150766552738.jpg,0.0
/home/iot/Self-Driving Robot//IMG2/Image_1702150766596479.jpg,0.0
/home/iot/Self-Driving Robot//IMG2/Image_1702150766636762.jpg,0.0
/home/iot/Self-Driving Robot//IMG2/Image_1702150766676167.jpg,0.0
/home/iot/Self-Driving Robot//IMG2/Image_1702150766721203.jpg,0.1
/home/iot/Self-Driving Robot//IMG2/Image_1702150766760274.jpg,1.0
/home/iot/Self-Driving Robot//IMG2/Image_1702150766800337.jpg,1.0
/home/iot/Self-Driving Robot//IMG2/Image_1702150766845511.jpg,1.0
/home/iot/Self-Driving Robot//IMG2/Image_170215076688929.jpg,1.0
/home/iot/Self-Driving Robot//IMG2/Image_1702150766931121.jpg,0.8
/home/iot/Self-Driving Robot//IMG2/Image_1702150766969943.jpg,0.0
/home/iot/Self-Driving Robot//IMG2/Image_170215076701013.jpg,0.0
/home/iot/Self-Driving Robot//IMG2/Image_1702150767054695.jpg,0.0
/home/iot/Self-Driving Robot//IMG2/Image_170215076709442.jpg,0.0
/home/iot/Self-Driving Robot//IMG2/Image_1702150767134861.jpg,0.0
/home/iot/Self-Driving Robot//IMG2/Image_1702150767182459.jpg,0.0
/home/iot/Self-Driving Robot//IMG2/Image_1702150767218595.jpg,0.0
/home/iot/Self-Driving Robot//IMG2/Image_1702150767262901.jpg,0.0
/home/iot/Self-Driving Robot//IMG2/Image_1702150767308383.jpg,0.0
/home/iot/Self-Driving Robot//IMG2/Image_1702150767344264.jpg,0.0
/home/iot/Self-Driving Robot//IMG2/Image_1702150767385502.jpg,0.0
/home/iot/Self-Driving Robot//IMG2/Image_1702150767425339.jpg,0.0
/home/iot/Self-Driving Robot//IMG2/Image_1702150767465585.jpg,0.0
/home/iot/Self-Driving Robot//IMG2/Image_170215076750884.jpg,0.0
/home/iot/Self-Driving Robot//IMG2/Image_1702150767549588.jpg,0.0
/home/iot/Self-Driving Robot//IMG2/Image_1702150767592931.jpg,-0.12
/home/iot/Self-Driving Robot//IMG2/Image_1702150767634712.jpg,-0.68
/home/iot/Self-Driving Robot//IMG2/Image_1702150767674562.jpg,-1.0
/home/iot/Self-Driving Robot//IMG2/Image_1702150767717462.jpg,-1.0
/home/iot/Self-Driving Robot//IMG2/Image_1702150767756999.jpg,-1.0
/home/iot/Self-Driving Robot//IMG2/Image_1702150767797764.jpg,-1.0
/home/iot/Self-Driving Robot//IMG2/Image_170215076784205.jpg,0.0
/home/iot/Self-Driving Robot//IMG2/Image_170215076788182.jpg,0.0
/home/iot/Self-Driving Robot//IMG2/Image_170215076792196.jpg,0.0
/home/iot/Self-Driving Robot//IMG2/Image_1702150767965747.jpg,0.0
/home/iot/Self-Driving Robot//IMG2/Image_170215076800611.jpg,0.0
/home/iot/Self-Driving Robot//IMG2/Image_170215076804988.jpg,0.0
/home/iot/Self-Driving Robot//IMG2/Image_1702150768089959.jpg,0.0
/home/iot/Self-Driving Robot//IMG2/Image_1702150768129693.jpg,0.0
/home/iot/Self-Driving Robot//IMG2/Image_1702150768173869.jpg,0.0
/home/iot/Self-Driving Robot//IMG2/Image_1702150768213698.jpg,0.0
/home/iot/Self-Driving Robot//IMG2/Image_1702150768257164.jpg,0.0
/home/iot/Self-Driving Robot//IMG2/Image_1702150768297764.jpg,0.28
/home/iot/Self-Driving Robot//IMG2/Image_1702150768337991.jpg,0.76
/home/iot/Self-Driving Robot//IMG2/Image_1702150768382109.jpg,1.0
/home/iot/Self-Driving Robot//IMG2/Image_1702150768421729.jpg,1.0
/home/iot/Self-Driving Robot//IMG2/Image_1702150768461882.jpg,1.0
/home/iot/Self-Driving Robot//IMG2/Image_1702150768508251.jpg,1.0
/home/iot/Self-Driving Robot//IMG2/Image_1702150768546999.jpg,0.0
/home/iot/Self-Driving Robot//IMG2/Image_1702150768591053.jpg,0.0
/home/iot/Self-Driving Robot//IMG2/Image_1702150768630911.jpg,0.0
/home/iot/Self-Driving Robot//IMG2/Image_1702150768698754.jpg,0.0
/home/iot/Self-Driving Robot//IMG2/Image_1702150768766473.jpg,0.09
/home/iot/Self-Driving Robot//IMG2/Image_1702150768831109.jpg,1.0
/home/iot/Self-Driving Robot//IMG2/Image_170215076889449.jpg,1.0
/home/iot/Self-Driving Robot//IMG2/Image_1702150768961915.jpg,0.08
/home/iot/Self-Driving Robot//IMG2/Image_1702150769026804.jpg,0.0
/home/iot/Self-Driving Robot//IMG2/Image_1702150769094729.jpg,0.0
/home/iot/Self-Driving Robot//IMG2/Image_1702150769163029.jpg,0.0
/home/iot/Self-Driving Robot//IMG2/Image_1702150769226308.jpg,0.0
/home/iot/Self-Driving Robot//IMG2/Image_1702150769294907.jpg,0.0
/home/iot/Self-Driving Robot//IMG2/Image_1702150769335821.jpg,0.0
/home/iot/Self-Driving Robot//IMG2/Image_1702150769377931.jpg,0.0
/home/iot/Self-Driving Robot//IMG2/Image_1702150769418201.jpg,0.16
/home/iot/Self-Driving Robot//IMG2/Image_1702150769457885.jpg,0.62
/home/iot/Self-Driving Robot//IMG2/Image_1702150769502141.jpg,1.0
/home/iot/Self-Driving Robot//IMG2/Image_1702150769542148.jpg,1.0
/home/iot/Self-Driving Robot//IMG2/Image_1702150769583715.jpg,1.0
/home/iot/Self-Driving Robot//IMG2/Image_1702150769626357.jpg,1.0
/home/iot/Self-Driving Robot//IMG2/Image_1702150769667159.jpg,0.0
/home/iot/Self-Driving Robot//IMG2/Image_1702150769710187.jpg,0.0
/home/iot/Self-Driving Robot//IMG2/Image_1702150769751263.jpg,0.0
/home/iot/Self-Driving Robot//IMG2/Image_1702150769791047.jpg,0.0
/home/iot/Self-Driving Robot//IMG2/Image_1702150769835335.jpg,0.0
/home/iot/Self-Driving Robot//IMG2/Image_1702150769875618.jpg,0.0
/home/iot/Self-Driving Robot//IMG2/Image_1702150769919329.jpg,0.0
/home/iot/Self-Driving Robot//IMG2/Image_1702150769958516.jpg,0.0
/home/iot/Self-Driving Robot//IMG2/Image_1702150769999314.jpg,0.0
/home/iot/Self-Driving Robot//IMG2/Image_1702150770043016.jpg,0.0
/home/iot/Self-Driving Robot//IMG2/Image_170215077008349.jpg,0.0
/home/iot/Self-Driving Robot//IMG2/Image_1702150770124119.jpg,0.0
/home/iot/Self-Driving Robot//IMG2/Image_1702150770166253.jpg,0.0
/home/iot/Self-Driving Robot//IMG2/Image_1702150770206774.jpg,0.0
/home/iot/Self-Driving Robot//IMG2/Image_1702150770251055.jpg,0.0
/home/iot/Self-Driving Robot//IMG2/Image_1702150770291306.jpg,0.0
/home/iot/Self-Driving Robot//IMG2/Image_170215077033142.jpg,0.0
/home/iot/Self-Driving Robot//IMG2/Image_1702150770374697.jpg,0.21
/home/iot/Self-Driving Robot//IMG2/Image_1702150770414823.jpg,0.89
/home/iot/Self-Driving Robot//IMG2/Image_1702150770454261.jpg,1.0
/home/iot/Self-Driving Robot//IMG2/Image_1702150770498219.jpg,1.0
/home/iot/Self-Driving Robot//IMG2/Image_1702150770538416.jpg,1.0
/home/iot/Self-Driving Robot//IMG2/Image_1702150770606781.jpg,1.0
/home/iot/Self-Driving Robot//IMG2/Image_1702150770672096.jpg,0.0
/home/iot/Self-Driving Robot//IMG2/Image_1702150770739324.jpg,0.0
/home/iot/Self-Driving Robot//IMG2/Image_1702150770807994.jpg,0.0
/home/iot/Self-Driving Robot//IMG2/Image_1702150770872422.jpg,0.68
/home/iot/Self-Driving Robot//IMG2/Image_1702150770939862.jpg,0.65
/home/iot/Self-Driving Robot//IMG2/Image_1702150771003963.jpg,0.0
/home/iot/Self-Driving Robot//IMG2/Image_170215077107082.jpg,0.0
/home/iot/Self-Driving Robot//IMG2/Image_1702150771139064.jpg,0.0
/home/iot/Self-Driving Robot//IMG2/Image_1702150771202537.jpg,0.0
/home/iot/Self-Driving Robot//IMG2/Image_1702150771271479.jpg,0.0
/home/iot/Self-Driving Robot//IMG2/Image_1702150771335805.jpg,0.0
/home/iot/Self-Driving Robot//IMG2/Image_1702150771403044.jpg,0.0
/home/iot/Self-Driving Robot//IMG2/Image_1702150771471483.jpg,0.0
/home/iot/Self-Driving Robot//IMG2/Image_1702150771535507.jpg,0.0
/home/iot/Self-Driving Robot//IMG2/Image_1702150771604268.jpg,0.56
/home/iot/Self-Driving Robot//IMG2/Image_1702150771667966.jpg,1.0
/home/iot/Self-Driving Robot//IMG2/Image_1702150771735481.jpg,1.0
/home/iot/Self-Driving Robot//IMG2/Image_1702150771803769.jpg,0.0
/home/iot/Self-Driving Robot//IMG2/Image_1702150771867158.jpg,0.0
/home/iot/Self-Driving Robot//IMG2/Image_1702150771935688.jpg,0.0
/home/iot/Self-Driving Robot//IMG2/Image_1702150771999177.jpg,0.95
/home/iot/Self-Driving Robot//IMG2/Image_1702150772067396.jpg,1.0
/home/iot/Self-Driving Robot//IMG2/Image_1702150772135088.jpg,1.0
/home/iot/Self-Driving Robot//IMG2/Image_1702150772198893.jpg,0.0
/home/iot/Self-Driving Robot//IMG2/Image_1702150772266719.jpg,0.0
/home/iot/Self-Driving Robot//IMG2/Image_1702150772331331.jpg,0.22
/home/iot/Self-Driving Robot//IMG2/Image_1702150772398277.jpg,1.0
/home/iot/Self-Driving Robot//IMG2/Image_1702150772467509.jpg,1.0
/home/iot/Self-Driving Robot//IMG2/Image_170215077253143.jpg,0.0
/home/iot/Self-Driving Robot//IMG2/Image_1702150772598595.jpg,0.0
/home/iot/Self-Driving Robot//IMG2/Image_1702150772664255.jpg,0.0
/home/iot/Self-Driving Robot//IMG2/Image_1702150772732945.jpg,0.0
/home/iot/Self-Driving Robot//IMG2/Image_1702150772795169.jpg,0.0
/home/iot/Self-Driving Robot//IMG2/Image_1702150772862468.jpg,0.16
/home/iot/Self-Driving Robot//IMG2/Image_1702150772931306.jpg,0.95
/home/iot/Self-Driving Robot//IMG2/Image_1702150772997026.jpg,1.0
/home/iot/Self-Driving Robot//IMG2/Image_1702150773063389.jpg,1.0
/home/iot/Self-Driving Robot//IMG2/Image_1702150773127593.jpg,1.0
/home/iot/Self-Driving Robot//IMG2/Image_1702150773195452.jpg,0.0
/home/iot/Self-Driving Robot//IMG2/Image_1702150773264212.jpg,0.0
/home/iot/Self-Driving Robot//IMG2/Image_170215077332858.jpg,0.0
/home/iot/Self-Driving Robot//IMG2/Image_1702150773394746.jpg,0.0
/home/iot/Self-Driving Robot//IMG2/Image_1702150773458864.jpg,0.0
/home/iot/Self-Driving Robot//IMG2/Image_1702150773527268.jpg,0.0
/home/iot/Self-Driving Robot//IMG2/Image_1702150773594225.jpg,0.0
/home/iot/Self-Driving Robot//IMG2/Image_1702150773658779.jpg,0.0
/home/iot/Self-Driving Robot//IMG2/Image_1702150773728216.jpg,0.0
/home/iot/Self-Driving Robot//IMG2/Image_1702150773792565.jpg,0.0
/home/iot/Self-Driving Robot//IMG2/Image_1702150773860128.jpg,0.0
/home/iot/Self-Driving Robot//IMG2/Image_1702150773926355.jpg,1.0
/home/iot/Self-Driving Robot//IMG2/Image_1702150773990964.jpg,1.0
/home/iot/Self-Driving Robot//IMG2/Image_1702150774058132.jpg,1.0
/home/iot/Self-Driving Robot//IMG2/Image_1702150774122345.jpg,0.44
/home/iot/Self-Driving Robot//IMG2/Image_1702150774190056.jpg,0.0
/home/iot/Self-Driving Robot//IMG2/Image_1702150774258389.jpg,0.0
/home/iot/Self-Driving Robot//IMG2/Image_1702150774323028.jpg,1.0
/home/iot/Self-Driving Robot//IMG2/Image_1702150774390562.jpg,1.0
/home/iot/Self-Driving Robot//IMG2/Image_17021507744553.jpg,1.0
/home/iot/Self-Driving Robot//IMG2/Image_1702150774523107.jpg,1.0
/home/iot/Self-Driving Robot//IMG2/Image_1702150774589976.jpg,1.0
/home/iot/Self-Driving Robot//IMG2/Image_1702150774654471.jpg,0.68
/home/iot/Self-Driving Robot//IMG2/Image_1702150774722896.jpg,0.0
/home/iot/Self-Driving Robot//IMG2/Image_1702150774786009.jpg,0.0
/home/iot/Self-Driving Robot//IMG2/Image_1702150774854428.jpg,0.0
/home/iot/Self-Driving Robot//IMG2/Image_1702150774923631.jpg,0.0
/home/iot/Self-Driving Robot//IMG2/Image_1702150774987566.jpg,0.0
/home/iot/Self-Driving Robot//IMG2/Image_1702150775054791.jpg,0.0
/home/iot/Self-Driving Robot//IMG2/Image_1702150775118625.jpg,0.0
/home/iot/Self-Driving Robot//IMG2/Image_1702150775186503.jpg,0.11
/home/iot/Self-Driving Robot//IMG2/Image_1702150775254999.jpg,1.0
/home/iot/Self-Driving Robot//IMG2/Image_170215077531849.jpg,1.0
/home/iot/Self-Driving Robot//IMG2/Image_170215077538652.jpg,1.0
/home/iot/Self-Driving Robot//IMG2/Image_1702150775451629.jpg,1.0
/home/iot/Self-Driving Robot//IMG2/Image_1702150775518505.jpg,1.0
/home/iot/Self-Driving Robot//IMG2/Image_1702150775582771.jpg,1.0
/home/iot/Self-Driving Robot//IMG2/Image_1702150775650958.jpg,0.0
/home/iot/Self-Driving Robot//IMG2/Image_170215077572016.jpg,0.0
/home/iot/Self-Driving Robot//IMG2/Image_1702150775783986.jpg,0.0
/home/iot/Self-Driving Robot//IMG2/Image_1702150775850419.jpg,0.0
/home/iot/Self-Driving Robot//IMG2/Image_170215077591459.jpg,0.0
/home/iot/Self-Driving Robot//IMG2/Image_1702150775982323.jpg,0.0
/home/iot/Self-Driving Robot//IMG2/Image_1702150776051267.jpg,0.0
/home/iot/Self-Driving Robot//IMG2/Image_1702150776115615.jpg,-0.47
/home/iot/Self-Driving Robot//IMG2/Image_1702150776182059.jpg,-1.0
/home/iot/Self-Driving Robot//IMG2/Image_1702150776246403.jpg,-1.0
/home/iot/Self-Driving Robot//IMG2/Image_1702150776315546.jpg,-1.0
/home/iot/Self-Driving Robot//IMG2/Image_1702150776382942.jpg,0.0
/home/iot/Self-Driving Robot//IMG2/Image_1702150776446409.jpg,0.0
/home/iot/Self-Driving Robot//IMG2/Image_1702150776514314.jpg,0.0
/home/iot/Self-Driving Robot//IMG2/Image_1702150776578997.jpg,0.0
/home/iot/Self-Driving Robot//IMG2/Image_1702150776646347.jpg,0.0
/home/iot/Self-Driving Robot//IMG2/Image_1702150776714295.jpg,0.0
/home/iot/Self-Driving Robot//IMG2/Image_1702150776778944.jpg,0.0
/home/iot/Self-Driving Robot//IMG2/Image_1702150788513895.jpg,0.0
/home/iot/Self-Driving Robot//IMG2/Image_17021507885403.jpg,0.0
/home/iot/Self-Driving Robot//IMG2/Image_1702150788563669.jpg,0.0
/home/iot/Self-Driving Robot//IMG2/Image_1702150788580554.jpg,0.0
/home/iot/Self-Driving Robot//IMG2/Image_1702150788591989.jpg,0.0
/home/iot/Self-Driving Robot//IMG2/Image_1702150788634102.jpg,0.0
/home/iot/Self-Driving Robot//IMG2/Image_1702150788679248.jpg,0.0
/home/iot/Self-Driving Robot//IMG2/Image_1702150788718731.jpg,0.0
/home/iot/Self-Driving Robot//IMG2/Image_1702150788762272.jpg,0.0
/home/iot/Self-Driving Robot//IMG2/Image_1702150788802601.jpg,0.0
/home/iot/Self-Driving Robot//IMG2/Image_1702150788842538.jpg,0.0
/home/iot/Self-Driving Robot//IMG2/Image_1702150788887004.jpg,0.0
/home/iot/Self-Driving Robot//IMG2/Image_1702150788926819.jpg,0.0
/home/iot/Self-Driving Robot//IMG2/Image_17021507889693.jpg,0.0
/home/iot/Self-Driving Robot//IMG2/Image_1702150789014327.jpg,0.0
/home/iot/Self-Driving Robot//IMG2/Image_1702150789053483.jpg,0.0
/home/iot/Self-Driving Robot//IMG2/Image_1702150789097058.jpg,0.0
/home/iot/Self-Driving Robot//IMG2/Image_1702150789136678.jpg,0.0
/home/iot/Self-Driving Robot//IMG2/Image_1702150789176257.jpg,0.0
/home/iot/Self-Driving Robot//IMG2/Image_1702150789219894.jpg,0.0
/home/iot/Self-Driving Robot//IMG2/Image_1702150789259976.jpg,0.0
/home/iot/Self-Driving Robot//IMG2/Image_170215078930514.jpg,0.0
/home/iot/Self-Driving Robot//IMG2/Image_1702150789343398.jpg,0.0
/home/iot/Self-Driving Robot//IMG2/Image_1702150789383907.jpg,0.0
/home/iot/Self-Driving Robot//IMG2/Image_1702150789427206.jpg,-0.02
/home/iot/Self-Driving Robot//IMG2/Image_1702150789467491.jpg,-0.3
/home/iot/Self-Driving Robot//IMG2/Image_1702150789509416.jpg,-1.0
/home/iot/Self-Driving Robot//IMG2/Image_1702150789551804.jpg,-1.0
/home/iot/Self-Driving Robot//IMG2/Image_1702150789592142.jpg,-1.0
/home/iot/Self-Driving Robot//IMG2/Image_170215078963593.jpg,-1.0
/home/iot/Self-Driving Robot//IMG2/Image_1702150789684385.jpg,-0.87
/home/iot/Self-Driving Robot//IMG2/Image_1702150789716677.jpg,0.0
/home/iot/Self-Driving Robot//IMG2/Image_1702150789763858.jpg,0.0
/home/iot/Self-Driving Robot//IMG2/Image_1702150789803019.jpg,0.0
/home/iot/Self-Driving Robot//IMG2/Image_1702150789843433.jpg,0.0
/home/iot/Self-Driving Robot//IMG2/Image_1702150789887033.jpg,0.0
/home/iot/Self-Driving Robot//IMG2/Image_1702150789924984.jpg,0.0
/home/iot/Self-Driving Robot//IMG2/Image_1702150789972051.jpg,0.0
/home/iot/Self-Driving Robot//IMG2/Image_1702150790009714.jpg,0.0
/home/iot/Self-Driving Robot//IMG2/Image_1702150790050812.jpg,0.0
/home/iot/Self-Driving Robot//IMG2/Image_1702150790093869.jpg,0.0
/home/iot/Self-Driving Robot//IMG2/Image_1702150790133824.jpg,0.0
/home/iot/Self-Driving Robot//IMG2/Image_1702150790174217.jpg,0.0
/home/iot/Self-Driving Robot//IMG2/Image_1702150790218926.jpg,0.0
/home/iot/Self-Driving Robot//IMG2/Image_1702150790256417.jpg,0.0
/home/iot/Self-Driving Robot//IMG2/Image_17021507903009.jpg,0.0
/home/iot/Self-Driving Robot//IMG2/Image_1702150790340622.jpg,-0.16
/home/iot/Self-Driving Robot//IMG2/Image_1702150790381258.jpg,-1.0
/home/iot/Self-Driving Robot//IMG2/Image_1702150790424654.jpg,-1.0
/home/iot/Self-Driving Robot//IMG2/Image_1702150790464592.jpg,-1.0
/home/iot/Self-Driving Robot//IMG2/Image_1702150790509532.jpg,-1.0
/home/iot/Self-Driving Robot//IMG2/Image_1702150790548982.jpg,-0.81
/home/iot/Self-Driving Robot//IMG2/Image_1702150790590083.jpg,0.0
/home/iot/Self-Driving Robot//IMG2/Image_1702150790633548.jpg,0.0
/home/iot/Self-Driving Robot//IMG2/Image_1702150790673784.jpg,0.0
/home/iot/Self-Driving Robot//IMG2/Image_1702150790714045.jpg,0.0
/home/iot/Self-Driving Robot//IMG2/Image_1702150790757478.jpg,0.0
/home/iot/Self-Driving Robot//IMG2/Image_170215079079705.jpg,0.0
/home/iot/Self-Driving Robot//IMG2/Image_1702150790839085.jpg,0.0
/home/iot/Self-Driving Robot//IMG2/Image_1702150790885861.jpg,0.0
/home/iot/Self-Driving Robot//IMG2/Image_1702150790921958.jpg,0.0
/home/iot/Self-Driving Robot//IMG2/Image_1702150790965223.jpg,0.0
/home/iot/Self-Driving Robot//IMG2/Image_1702150791005767.jpg,0.0
/home/iot/Self-Driving Robot//IMG2/Image_1702150791044057.jpg,0.0
/home/iot/Self-Driving Robot//IMG2/Image_1702150791089661.jpg,0.0
/home/iot/Self-Driving Robot//IMG2/Image_1702150791129977.jpg,-0.77
/home/iot/Self-Driving Robot//IMG2/Image_1702150791173437.jpg,-1.0
/home/iot/Self-Driving Robot//IMG2/Image_1702150791213355.jpg,-1.0
/home/iot/Self-Driving Robot//IMG2/Image_1702150791253117.jpg,-1.0
/home/iot/Self-Driving Robot//IMG2/Image_1702150791321779.jpg,-0.75
/home/iot/Self-Driving Robot//IMG2/Image_1702150791384683.jpg,0.0
/home/iot/Self-Driving Robot//IMG2/Image_1702150791451806.jpg,0.0
/home/iot/Self-Driving Robot//IMG2/Image_1702150791520124.jpg,0.0
/home/iot/Self-Driving Robot//IMG2/Image_1702150791584954.jpg,0.0
/home/iot/Self-Driving Robot//IMG2/Image_1702150791653167.jpg,0.0
/home/iot/Self-Driving Robot//IMG2/Image_1702150791716242.jpg,0.0
/home/iot/Self-Driving Robot//IMG2/Image_1702150791785015.jpg,-0.09
/home/iot/Self-Driving Robot//IMG2/Image_1702150791851679.jpg,-1.0
/home/iot/Self-Driving Robot//IMG2/Image_1702150791915962.jpg,-1.0
/home/iot/Self-Driving Robot//IMG2/Image_1702150791984918.jpg,-1.0
/home/iot/Self-Driving Robot//IMG2/Image_1702150792048396.jpg,-1.0
/home/iot/Self-Driving Robot//IMG2/Image_1702150792116537.jpg,-1.0
/home/iot/Self-Driving Robot//IMG2/Image_1702150792185411.jpg,0.0
/home/iot/Self-Driving Robot//IMG2/Image_1702150792249958.jpg,0.0
/home/iot/Self-Driving Robot//IMG2/Image_1702150792318604.jpg,0.0
/home/iot/Self-Driving Robot//IMG2/Image_1702150792382319.jpg,0.0
/home/iot/Self-Driving Robot//IMG2/Image_1702150792448405.jpg,0.0
/home/iot/Self-Driving Robot//IMG2/Image_1702150792516137.jpg,-0.19
/home/iot/Self-Driving Robot//IMG2/Image_1702150792581366.jpg,-0.46
/home/iot/Self-Driving Robot//IMG2/Image_1702150792650802.jpg,-1.0
/home/iot/Self-Driving Robot//IMG2/Image_1702150792714086.jpg,-1.0
/home/iot/Self-Driving Robot//IMG2/Image_170215079278141.jpg,-1.0
/home/iot/Self-Driving Robot//IMG2/Image_1702150792848858.jpg,-1.0
/home/iot/Self-Driving Robot//IMG2/Image_1702150792915172.jpg,-1.0
/home/iot/Self-Driving Robot//IMG2/Image_1702150792981951.jpg,-1.0
/home/iot/Self-Driving Robot//IMG2/Image_1702150793045026.jpg,-1.0
/home/iot/Self-Driving Robot//IMG2/Image_1702150793114304.jpg,0.0
/home/iot/Self-Driving Robot//IMG2/Image_1702150793177037.jpg,0.0
/home/iot/Self-Driving Robot//IMG2/Image_1702150793244975.jpg,0.0
/home/iot/Self-Driving Robot//IMG2/Image_1702150793313579.jpg,0.0
/home/iot/Self-Driving Robot//IMG2/Image_1702150793376426.jpg,0.0
/home/iot/Self-Driving Robot//IMG2/Image_1702150793446362.jpg,0.0
/home/iot/Self-Driving Robot//IMG2/Image_1702150793509911.jpg,0.0
/home/iot/Self-Driving Robot//IMG2/Image_1702150793578311.jpg,0.0
/home/iot/Self-Driving Robot//IMG2/Image_1702150793645324.jpg,0.0
/home/iot/Self-Driving Robot//IMG2/Image_1702150793709144.jpg,0.0
/home/iot/Self-Driving Robot//IMG2/Image_1702150793776933.jpg,0.0
/home/iot/Self-Driving Robot//IMG2/Image_170215079384118.jpg,-0.21
/home/iot/Self-Driving Robot//IMG2/Image_1702150793908725.jpg,-0.51
/home/iot/Self-Driving Robot//IMG2/Image_1702150793977247.jpg,-0.75
/home/iot/Self-Driving Robot//IMG2/Image_1702150794041944.jpg,-0.67
/home/iot/Self-Driving Robot//IMG2/Image_1702150794109534.jpg,0.0
/home/iot/Self-Driving Robot//IMG2/Image_1702150794173361.jpg,0.0
/home/iot/Self-Driving Robot//IMG2/Image_1702150794240754.jpg,0.0
/home/iot/Self-Driving Robot//IMG2/Image_1702150794308552.jpg,0.0
/home/iot/Self-Driving Robot//IMG2/Image_1702150794373579.jpg,0.0
/home/iot/Self-Driving Robot//IMG2/Image_1702150794441869.jpg,0.0
/home/iot/Self-Driving Robot//IMG2/Image_1702150794506422.jpg,0.0
/home/iot/Self-Driving Robot//IMG2/Image_170215079457407.jpg,0.0
/home/iot/Self-Driving Robot//IMG2/Image_1702150794641379.jpg,0.0
/home/iot/Self-Driving Robot//IMG2/Image_1702150794705308.jpg,0.0
/home/iot/Self-Driving Robot//IMG2/Image_1702150794773982.jpg,0.0
/home/iot/Self-Driving Robot//IMG2/Image_170215079483805.jpg,0.0
/home/iot/Self-Driving Robot//IMG2/Image_1702150794905596.jpg,0.0
/home/iot/Self-Driving Robot//IMG2/Image_1702150794972997.jpg,-0.3
/home/iot/Self-Driving Robot//IMG2/Image_170215079503786.jpg,-1.0
/home/iot/Self-Driving Robot//IMG2/Image_1702150795106863.jpg,-1.0
/home/iot/Self-Driving Robot//IMG2/Image_1702150795170888.jpg,-1.0
/home/iot/Self-Driving Robot//IMG2/Image_1702150795237859.jpg,-1.0
/home/iot/Self-Driving Robot//IMG2/Image_1702150795305254.jpg,-0.75
/home/iot/Self-Driving Robot//IMG2/Image_170215079536947.jpg,0.0
/home/iot/Self-Driving Robot//IMG2/Image_1702150795437845.jpg,0.0
/home/iot/Self-Driving Robot//IMG2/Image_1702150795501269.jpg,0.0
/home/iot/Self-Driving Robot//IMG2/Image_1702150795570018.jpg,0.0
/home/iot/Self-Driving Robot//IMG2/Image_1702150795638224.jpg,0.0
/home/iot/Self-Driving Robot//IMG2/Image_170215079570113.jpg,-0.1
/home/iot/Self-Driving Robot//IMG2/Image_1702150795769628.jpg,-1.0
/home/iot/Self-Driving Robot//IMG2/Image_1702150795834672.jpg,-1.0
/home/iot/Self-Driving Robot//IMG2/Image_1702150795902427.jpg,-1.0
/home/iot/Self-Driving Robot//IMG2/Image_1702150795965337.jpg,-1.0
/home/iot/Self-Driving Robot//IMG2/Image_1702150796033948.jpg,-0.96
/home/iot/Self-Driving Robot//IMG2/Image_1702150796102553.jpg,0.0
/home/iot/Self-Driving Robot//IMG2/Image_1702150796165751.jpg,0.0
/home/iot/Self-Driving Robot//IMG2/Image_1702150796234264.jpg,0.0
/home/iot/Self-Driving Robot//IMG2/Image_1702150796297526.jpg,0.0
/home/iot/Self-Driving Robot//IMG2/Image_1702150796341332.jpg,0.0
/home/iot/Self-Driving Robot//IMG2/Image_1702150796381292.jpg,0.0
/home/iot/Self-Driving Robot//IMG2/Image_1702150796425293.jpg,0.0
/home/iot/Self-Driving Robot//IMG2/Image_1702150796466364.jpg,0.0
/home/iot/Self-Driving Robot//IMG2/Image_1702150796505738.jpg,0.0
/home/iot/Self-Driving Robot//IMG2/Image_170215079654905.jpg,0.0
/home/iot/Self-Driving Robot//IMG2/Image_1702150796590275.jpg,0.0
/home/iot/Self-Driving Robot//IMG2/Image_1702150796630393.jpg,-0.32
/home/iot/Self-Driving Robot//IMG2/Image_1702150796673439.jpg,-0.99
/home/iot/Self-Driving Robot//IMG2/Image_1702150796714511.jpg,-1.0
/home/iot/Self-Driving Robot//IMG2/Image_1702150796756864.jpg,-1.0
/home/iot/Self-Driving Robot//IMG2/Image_1702150796797653.jpg,-1.0
/home/iot/Self-Driving Robot//IMG2/Image_1702150796837547.jpg,-1.0
/home/iot/Self-Driving Robot//IMG2/Image_1702150796881133.jpg,-0.66
/home/iot/Self-Driving Robot//IMG2/Image_1702150796921901.jpg,0.0
/home/iot/Self-Driving Robot//IMG2/Image_1702150796961973.jpg,0.0
/home/iot/Self-Driving Robot//IMG2/Image_1702150797007798.jpg,0.0
/home/iot/Self-Driving Robot//IMG2/Image_1702150797046955.jpg,0.0
/home/iot/Self-Driving Robot//IMG2/Image_1702150797091088.jpg,0.0
/home/iot/Self-Driving Robot//IMG2/Image_1702150797132335.jpg,0.0
/home/iot/Self-Driving Robot//IMG2/Image_1702150797171464.jpg,0.0
/home/iot/Self-Driving Robot//IMG2/Image_170215079721572.jpg,0.0
/home/iot/Self-Driving Robot//IMG2/Image_1702150797256149.jpg,0.31
/home/iot/Self-Driving Robot//IMG2/Image_17021507972959.jpg,0.56
/home/iot/Self-Driving Robot//IMG2/Image_1702150797340768.jpg,0.53
/home/iot/Self-Driving Robot//IMG2/Image_1702150797380931.jpg,0.64
/home/iot/Self-Driving Robot//IMG2/Image_1702150797424641.jpg,1.0
/home/iot/Self-Driving Robot//IMG2/Image_1702150797465511.jpg,1.0
/home/iot/Self-Driving Robot//IMG2/Image_1702150797531235.jpg,1.0
/home/iot/Self-Driving Robot//IMG2/Image_1702150797593683.jpg,1.0
/home/iot/Self-Driving Robot//IMG2/Image_1702150797661298.jpg,0.89
/home/iot/Self-Driving Robot//IMG2/Image_1702150797725379.jpg,0.0
/home/iot/Self-Driving Robot//IMG2/Image_1702150797794482.jpg,0.0
/home/iot/Self-Driving Robot//IMG2/Image_1702150797862805.jpg,0.0
/home/iot/Self-Driving Robot//IMG2/Image_1702150797926632.jpg,0.0
/home/iot/Self-Driving Robot//IMG2/Image_1702150797994122.jpg,0.0
/home/iot/Self-Driving Robot//IMG2/Image_1702150798058419.jpg,0.0
/home/iot/Self-Driving Robot//IMG2/Image_1702150798126162.jpg,0.0
/home/iot/Self-Driving Robot//IMG2/Image_1702150798194132.jpg,0.0
/home/iot/Self-Driving Robot//IMG2/Image_1702150798257597.jpg,0.78
/home/iot/Self-Driving Robot//IMG2/Image_1702150798324998.jpg,1.0
/home/iot/Self-Driving Robot//IMG2/Image_1702150798389283.jpg,1.0
/home/iot/Self-Driving Robot//IMG2/Image_1702150798457553.jpg,0.3
/home/iot/Self-Driving Robot//IMG2/Image_1702150798523574.jpg,0.0
/home/iot/Self-Driving Robot//IMG2/Image_1702150798591823.jpg,0.0
/home/iot/Self-Driving Robot//IMG2/Image_1702150798659437.jpg,0.0
/home/iot/Self-Driving Robot//IMG2/Image_1702150798723564.jpg,0.09
/home/iot/Self-Driving Robot//IMG2/Image_1702150798790014.jpg,0.8
/home/iot/Self-Driving Robot//IMG2/Image_1702150798855318.jpg,1.0
/home/iot/Self-Driving Robot//IMG2/Image_1702150798923128.jpg,0.0
/home/iot/Self-Driving Robot//IMG2/Image_1702150798990945.jpg,0.0
/home/iot/Self-Driving Robot//IMG2/Image_1702150799054623.jpg,0.0
/home/iot/Self-Driving Robot//IMG2/Image_1702150799123176.jpg,0.0
/home/iot/Self-Driving Robot//IMG2/Image_1702150799186344.jpg,0.0
/home/iot/Self-Driving Robot//IMG2/Image_1702150799254876.jpg,0.0
/home/iot/Self-Driving Robot//IMG2/Image_1702150799321936.jpg,0.0
/home/iot/Self-Driving Robot//IMG2/Image_1702150799386045.jpg,0.26
/home/iot/Self-Driving Robot//IMG2/Image_1702150799454725.jpg,1.0
/home/iot/Self-Driving Robot//IMG2/Image_1702150799519193.jpg,1.0
/home/iot/Self-Driving Robot//IMG2/Image_1702150799586394.jpg,1.0
/home/iot/Self-Driving Robot//IMG2/Image_1702150799653695.jpg,1.0
/home/iot/Self-Driving Robot//IMG2/Image_1702150799718073.jpg,1.0
/home/iot/Self-Driving Robot//IMG2/Image_170215079978599.jpg,1.0
/home/iot/Self-Driving Robot//IMG2/Image_1702150799851623.jpg,1.0
/home/iot/Self-Driving Robot//IMG2/Image_1702150799920041.jpg,1.0
/home/iot/Self-Driving Robot//IMG2/Image_1702150799986265.jpg,1.0
/home/iot/Self-Driving Robot//IMG2/Image_1702150800051631.jpg,1.0
/home/iot/Self-Driving Robot//IMG2/Image_1702150800118825.jpg,0.02
/home/iot/Self-Driving Robot//IMG2/Image_1702150800183433.jpg,0.0
/home/iot/Self-Driving Robot//IMG2/Image_1702150800252232.jpg,0.0
/home/iot/Self-Driving Robot//IMG2/Image_1702150800318674.jpg,0.0
/home/iot/Self-Driving Robot//IMG2/Image_1702150800382864.jpg,0.0
/home/iot/Self-Driving Robot//IMG2/Image_1702150800450846.jpg,0.0
/home/iot/Self-Driving Robot//IMG2/Image_1702150800515797.jpg,0.0
/home/iot/Self-Driving Robot//IMG2/Image_1702150800583599.jpg,0.0
/home/iot/Self-Driving Robot//IMG2/Image_1702150800650564.jpg,0.91
/home/iot/Self-Driving Robot//IMG2/Image_1702150800715285.jpg,1.0
/home/iot/Self-Driving Robot//IMG2/Image_1702150800782603.jpg,1.0
/home/iot/Self-Driving Robot//IMG2/Image_1702150800847087.jpg,1.0
/home/iot/Self-Driving Robot//IMG2/Image_1702150800914666.jpg,1.0
/home/iot/Self-Driving Robot//IMG2/Image_1702150800978351.jpg,0.0
/home/iot/Self-Driving Robot//IMG2/Image_1702150801046796.jpg,0.0
/home/iot/Self-Driving Robot//IMG2/Image_1702150801114465.jpg,0.0
/home/iot/Self-Driving Robot//IMG2/Image_1702150801178468.jpg,0.0
/home/iot/Self-Driving Robot//IMG2/Image_1702150801246988.jpg,0.0
/home/iot/Self-Driving Robot//IMG2/Image_1702150801309555.jpg,0.0
/home/iot/Self-Driving Robot//IMG2/Image_1702150801377701.jpg,0.0
/home/iot/Self-Driving Robot//IMG2/Image_1702150801446981.jpg,0.0
/home/iot/Self-Driving Robot//IMG2/Image_1702150801509635.jpg,0.0
/home/iot/Self-Driving Robot//IMG2/Image_1702150801578142.jpg,0.0
/home/iot/Self-Driving Robot//IMG2/Image_1702150801642103.jpg,0.0
/home/iot/Self-Driving Robot//IMG2/Image_1702150801709238.jpg,0.0
/home/iot/Self-Driving Robot//IMG2/Image_1702150801779174.jpg,0.0
/home/iot/Self-Driving Robot//IMG2/Image_1702150801841698.jpg,0.85
/home/iot/Self-Driving Robot//IMG2/Image_1702150801910656.jpg,1.0
/home/iot/Self-Driving Robot//IMG2/Image_1702150801974519.jpg,1.0
/home/iot/Self-Driving Robot//IMG2/Image_1702150802041473.jpg,0.0
/home/iot/Self-Driving Robot//IMG2/Image_1702150802109565.jpg,0.0
/home/iot/Self-Driving Robot//IMG2/Image_1702150802174773.jpg,0.0
/home/iot/Self-Driving Robot//IMG2/Image_1702150802241654.jpg,0.0
/home/iot/Self-Driving Robot//IMG2/Image_1702150802305999.jpg,0.15
/home/iot/Self-Driving Robot//IMG2/Image_1702150802374655.jpg,1.0
/home/iot/Self-Driving Robot//IMG2/Image_1702150802441885.jpg,1.0
/home/iot/Self-Driving Robot//IMG2/Image_1702150802506895.jpg,1.0
/home/iot/Self-Driving Robot//IMG2/Image_1702150802575651.jpg,1.0
/home/iot/Self-Driving Robot//IMG2/Image_1702150802638319.jpg,0.0
/home/iot/Self-Driving Robot//IMG2/Image_1702150802705842.jpg,0.0
/home/iot/Self-Driving Robot//IMG2/Image_1702150802775685.jpg,0.0
/home/iot/Self-Driving Robot//IMG2/Image_170215080283774.jpg,0.0
/home/iot/Self-Driving Robot//IMG2/Image_1702150802906063.jpg,0.0
/home/iot/Self-Driving Robot//IMG2/Image_1702150802971666.jpg,0.0
/home/iot/Self-Driving Robot//IMG2/Image_170215080303769.jpg,0.0
/home/iot/Self-Driving Robot//IMG2/Image_1702150803106163.jpg,0.0
/home/iot/Self-Driving Robot//IMG2/Image_170215080317064.jpg,0.0
/home/iot/Self-Driving Robot//IMG2/Image_1702150803238103.jpg,0.0
/home/iot/Self-Driving Robot//IMG2/Image_1702150803302542.jpg,0.0
/home/iot/Self-Driving Robot//IMG2/Image_1702150803371694.jpg,0.0
/home/iot/Self-Driving Robot//IMG2/Image_1702150803435206.jpg,0.0
/home/iot/Self-Driving Robot//IMG2/Image_1702150803502349.jpg,0.0
/home/iot/Self-Driving Robot//IMG2/Image_1702150803569811.jpg,0.0
/home/iot/Self-Driving Robot//IMG2/Image_170215080363422.jpg,0.0
/home/iot/Self-Driving Robot//IMG2/Image_1702150803702505.jpg,0.36
/home/iot/Self-Driving Robot//IMG2/Image_1702150803766374.jpg,1.0
/home/iot/Self-Driving Robot//IMG2/Image_1702150803834447.jpg,1.0
/home/iot/Self-Driving Robot//IMG2/Image_1702150803901717.jpg,1.0
/home/iot/Self-Driving Robot//IMG2/Image_1702150803965884.jpg,1.0
/home/iot/Self-Driving Robot//IMG2/Image_1702150804035009.jpg,1.0
/home/iot/Self-Driving Robot//IMG2/Image_1702150804098327.jpg,1.0
/home/iot/Self-Driving Robot//IMG2/Image_1702150804166233.jpg,0.0
/home/iot/Self-Driving Robot//IMG2/Image_1702150804234285.jpg,0.0
/home/iot/Self-Driving Robot//IMG2/Image_1702150804297787.jpg,0.0
/home/iot/Self-Driving Robot//IMG2/Image_1702150804366262.jpg,0.0
/home/iot/Self-Driving Robot//IMG2/Image_1702150804429988.jpg,1.0
/home/iot/Self-Driving Robot//IMG2/Image_1702150804498612.jpg,1.0
/home/iot/Self-Driving Robot//IMG2/Image_1702150804565968.jpg,1.0
/home/iot/Self-Driving Robot//IMG2/Image_1702150804629903.jpg,1.0
/home/iot/Self-Driving Robot//IMG2/Image_1702150804699175.jpg,1.0
/home/iot/Self-Driving Robot//IMG2/Image_1702150804763693.jpg,1.0
/home/iot/Self-Driving Robot//IMG2/Image_1702150804831067.jpg,1.0
/home/iot/Self-Driving Robot//IMG2/Image_1702150804898365.jpg,0.88
/home/iot/Self-Driving Robot//IMG2/Image_1702150804961875.jpg,0.0
/home/iot/Self-Driving Robot//IMG2/Image_1702150805031577.jpg,0.0
/home/iot/Self-Driving Robot//IMG2/Image_1702150805094997.jpg,0.0
/home/iot/Self-Driving Robot//IMG2/Image_1702150805161859.jpg,0.0
/home/iot/Self-Driving Robot//IMG2/Image_1702150805230514.jpg,0.0
/home/iot/Self-Driving Robot//IMG2/Image_170215080529348.jpg,0.0
/home/iot/Self-Driving Robot//IMG2/Image_1702150805361635.jpg,0.0
/home/iot/Self-Driving Robot//IMG2/Image_1702150805426272.jpg,0.0
/home/iot/Self-Driving Robot//IMG2/Image_1702150805494639.jpg,0.0
/home/iot/Self-Driving Robot//IMG2/Image_1702150805562159.jpg,0.0
/home/iot/Self-Driving Robot//IMG2/Image_1702150805627189.jpg,0.0
/home/iot/Self-Driving Robot//IMG2/Image_1702150805694442.jpg,0.0
/home/iot/Self-Driving Robot//IMG2/Image_1702150805757535.jpg,0.0
/home/iot/Self-Driving Robot//IMG2/Image_1702150805826545.jpg,0.0
/home/iot/Self-Driving Robot//IMG2/Image_1702150805889817.jpg,0.0
/home/iot/Self-Driving Robot//IMG2/Image_1702150805957767.jpg,0.0
/home/iot/Self-Driving Robot//IMG2/Image_1702150806026807.jpg,0.0
/home/iot/Self-Driving Robot//IMG2/Image_1702150806090126.jpg,0.0
/home/iot/Self-Driving Robot//IMG2/Image_1702150806158059.jpg,0.0
/home/iot/Self-Driving Robot//IMG2/Image_1702150806222981.jpg,0.0
/home/iot/Self-Driving Robot//IMG2/Image_1702150806289672.jpg,0.0
/home/iot/Self-Driving Robot//IMG2/Image_1702150806357965.jpg,0.0
/home/iot/Self-Driving Robot//IMG2/Image_1702150806422372.jpg,0.0
/home/iot/Self-Driving Robot//IMG2/Image_1702150806490016.jpg,0.0
/home/iot/Self-Driving Robot//IMG2/Image_1702150806554507.jpg,0.0
/home/iot/Self-Driving Robot//IMG2/Image_1702150806622207.jpg,0.0
/home/iot/Self-Driving Robot//IMG2/Image_1702150806690179.jpg,0.0
/home/iot/Self-Driving Robot//IMG2/Image_1702150806756366.jpg,0.0
/home/iot/Self-Driving Robot//IMG2/Image_1702150806823828.jpg,0.0
/home/iot/Self-Driving Robot//IMG2/Image_1702150806887846.jpg,0.0
/home/iot/Self-Driving Robot//IMG2/Image_1702150806955314.jpg,0.0
/home/iot/Self-Driving Robot//IMG2/Image_1702150807022832.jpg,0.0
/home/iot/Self-Driving Robot//IMG2/Image_1702150807086698.jpg,0.0
/home/iot/Self-Driving Robot//IMG2/Image_1702150807155024.jpg,0.16
/home/iot/Self-Driving Robot//IMG2/Image_1702150807218833.jpg,0.69
/home/iot/Self-Driving Robot//IMG2/Image_1702150807288131.jpg,1.0
/home/iot/Self-Driving Robot//IMG2/Image_1702150807354987.jpg,1.0
/home/iot/Self-Driving Robot//IMG2/Image_1702150807418456.jpg,1.0
/home/iot/Self-Driving Robot//IMG2/Image_1702150807485979.jpg,1.0
/home/iot/Self-Driving Robot//IMG2/Image_1702150807550029.jpg,1.0
/home/iot/Self-Driving Robot//IMG2/Image_1702150807617814.jpg,1.0
/home/iot/Self-Driving Robot//IMG2/Image_1702150807687044.jpg,1.0
/home/iot/Self-Driving Robot//IMG2/Image_1702150807752859.jpg,1.0
/home/iot/Self-Driving Robot//IMG2/Image_1702150807818847.jpg,1.0
/home/iot/Self-Driving Robot//IMG2/Image_1702150807883249.jpg,1.0
/home/iot/Self-Driving Robot//IMG2/Image_1702150807950842.jpg,0.0
/home/iot/Self-Driving Robot//IMG2/Image_1702150808015199.jpg,0.0
/home/iot/Self-Driving Robot//IMG2/Image_1702150808082201.jpg,0.0
/home/iot/Self-Driving Robot//IMG2/Image_1702150808150329.jpg,0.04
/home/iot/Self-Driving Robot//IMG2/Image_1702150808215342.jpg,0.87
/home/iot/Self-Driving Robot//IMG2/Image_1702150808283845.jpg,1.0
/home/iot/Self-Driving Robot//IMG2/Image_170215080834697.jpg,1.0
/home/iot/Self-Driving Robot//IMG2/Image_1702150808414995.jpg,1.0
/home/iot/Self-Driving Robot//IMG2/Image_1702150808482987.jpg,1.0
/home/iot/Self-Driving Robot//IMG2/Image_1702150808546831.jpg,1.0
/home/iot/Self-Driving Robot//IMG2/Image_1702150808615509.jpg,1.0
/home/iot/Self-Driving Robot//IMG2/Image_1702150808678469.jpg,1.0
/home/iot/Self-Driving Robot//IMG2/Image_1702150808747577.jpg,1.0
/home/iot/Self-Driving Robot//IMG2/Image_1702150808814653.jpg,1.0
/home/iot/Self-Driving Robot//IMG2/Image_1702150808878196.jpg,1.0
/home/iot/Self-Driving Robot//IMG2/Image_1702150808946467.jpg,1.0
/home/iot/Self-Driving Robot//IMG2/Image_1702150809009712.jpg,0.0
/home/iot/Self-Driving Robot//IMG2/Image_1702150809079711.jpg,0.0
/home/iot/Self-Driving Robot//IMG2/Image_1702150809147155.jpg,0.0
/home/iot/Self-Driving Robot//IMG2/Image_1702150809211986.jpg,0.0
/home/iot/Self-Driving Robot//IMG2/Image_1702150809279005.jpg,0.0
/home/iot/Self-Driving Robot//IMG2/Image_1702150809343699.jpg,0.0
/home/iot/Self-Driving Robot//IMG2/Image_1702150809410771.jpg,0.0
/home/iot/Self-Driving Robot//IMG2/Image_1702150809479205.jpg,0.0
/home/iot/Self-Driving Robot//IMG2/Image_170215080954413.jpg,0.0
/home/iot/Self-Driving Robot//IMG2/Image_1702150809611353.jpg,0.0
/home/iot/Self-Driving Robot//IMG2/Image_170215080967564.jpg,0.0
/home/iot/Self-Driving Robot//IMG2/Image_1702150809742245.jpg,0.0
/home/iot/Self-Driving Robot//IMG2/Image_1702150809810577.jpg,0.0
/home/iot/Self-Driving Robot//IMG2/Image_1702150809875981.jpg,0.0
/home/iot/Self-Driving Robot//IMG2/Image_1702150810056313.jpg,-1.0
/home/iot/Self-Driving Robot//IMG2/Image_1702150810080346.jpg,-1.0
/home/iot/Self-Driving Robot//IMG2/Image_1702150810107028.jpg,-1.0
/home/iot/Self-Driving Robot//IMG2/Image_1702150810138704.jpg,-1.0
/home/iot/Self-Driving Robot//IMG2/Image_1702150810206633.jpg,-1.0
/home/iot/Self-Driving Robot//IMG2/Image_1702150810275434.jpg,-1.0
/home/iot/Self-Driving Robot//IMG2/Image_1702150810339268.jpg,-1.0
/home/iot/Self-Driving Robot//IMG2/Image_1702150810406521.jpg,-1.0
/home/iot/Self-Driving Robot//IMG2/Image_1702150810471492.jpg,-1.0
/home/iot/Self-Driving Robot//IMG2/Image_1702150810540747.jpg,0.0
/home/iot/Self-Driving Robot//IMG2/Image_1702150810606459.jpg,0.0
/home/iot/Self-Driving Robot//IMG2/Image_1702150810670497.jpg,0.0
/home/iot/Self-Driving Robot//IMG2/Image_1702150810739011.jpg,0.0
/home/iot/Self-Driving Robot//IMG2/Image_1702150810803432.jpg,0.0
/home/iot/Self-Driving Robot//IMG2/Image_1702150810870318.jpg,0.0
/home/iot/Self-Driving Robot//IMG2/Image_1702150810938768.jpg,0.0
/home/iot/Self-Driving Robot//IMG2/Image_1702150811002697.jpg,0.0
/home/iot/Self-Driving Robot//IMG2/Image_1702150811070678.jpg,0.0
/home/iot/Self-Driving Robot//IMG2/Image_1702150811134905.jpg,0.0
/home/iot/Self-Driving Robot//IMG2/Image_1702150811202504.jpg,0.0
/home/iot/Self-Driving Robot//IMG2/Image_1702150811270659.jpg,0.0
/home/iot/Self-Driving Robot//IMG2/Image_1702150811334796.jpg,0.0
/home/iot/Self-Driving Robot//IMG2/Image_1702150811402219.jpg,0.0
/home/iot/Self-Driving Robot//IMG2/Image_1702150811466461.jpg,0.0
/home/iot/Self-Driving Robot//IMG2/Image_1702150811534822.jpg,0.0
/home/iot/Self-Driving Robot//IMG2/Image_1702150811602857.jpg,0.0
/home/iot/Self-Driving Robot//IMG2/Image_1702150811666888.jpg,0.0
/home/iot/Self-Driving Robot//IMG2/Image_1702150811734359.jpg,-0.09
/home/iot/Self-Driving Robot//IMG2/Image_1702150811799419.jpg,-0.59
/home/iot/Self-Driving Robot//IMG2/Image_1702150811867892.jpg,-1.0
/home/iot/Self-Driving Robot//IMG2/Image_1702150811936036.jpg,-1.0
/home/iot/Self-Driving Robot//IMG2/Image_1702150811998695.jpg,-0.11
/home/iot/Self-Driving Robot//IMG2/Image_1702150812067756.jpg,0.0
/home/iot/Self-Driving Robot//IMG2/Image_1702150812131072.jpg,0.0
/home/iot/Self-Driving Robot//IMG2/Image_1702150812198679.jpg,0.0
/home/iot/Self-Driving Robot//IMG2/Image_1702150812262866.jpg,0.0
/home/iot/Self-Driving Robot//IMG2/Image_1702150812330519.jpg,0.0
/home/iot/Self-Driving Robot//IMG2/Image_1702150812399172.jpg,0.0
/home/iot/Self-Driving Robot//IMG2/Image_1702150812463063.jpg,0.0
/home/iot/Self-Driving Robot//IMG2/Image_1702150812531802.jpg,0.0
/home/iot/Self-Driving Robot//IMG2/Image_1702150812595503.jpg,0.0
/home/iot/Self-Driving Robot//IMG2/Image_1702150812664286.jpg,-0.11
/home/iot/Self-Driving Robot//IMG2/Image_1702150812730735.jpg,-0.97
/home/iot/Self-Driving Robot//IMG2/Image_170215081279605.jpg,-1.0
/home/iot/Self-Driving Robot//IMG2/Image_1702150812862993.jpg,-1.0
/home/iot/Self-Driving Robot//IMG2/Image_1702150812927209.jpg,-1.0
/home/iot/Self-Driving Robot//IMG2/Image_1702150812996867.jpg,-0.94
/home/iot/Self-Driving Robot//IMG2/Image_1702150813064272.jpg,-0.66
/home/iot/Self-Driving Robot//IMG2/Image_170215081312926.jpg,0.0
/home/iot/Self-Driving Robot//IMG2/Image_1702150813196436.jpg,0.0
/home/iot/Self-Driving Robot//IMG2/Image_1702150813259259.jpg,0.0
/home/iot/Self-Driving Robot//IMG2/Image_1702150813326632.jpg,0.0
/home/iot/Self-Driving Robot//IMG2/Image_1702150813394849.jpg,0.0
/home/iot/Self-Driving Robot//IMG2/Image_1702150813457886.jpg,0.0
/home/iot/Self-Driving Robot//IMG2/Image_1702150813526558.jpg,0.0
/home/iot/Self-Driving Robot//IMG2/Image_1702150813590465.jpg,0.0
/home/iot/Self-Driving Robot//IMG2/Image_1702150813657995.jpg,0.0
/home/iot/Self-Driving Robot//IMG2/Image_1702150813727296.jpg,0.0
/home/iot/Self-Driving Robot//IMG2/Image_170215081378995.jpg,0.0
/home/iot/Self-Driving Robot//IMG2/Image_1702150813857809.jpg,0.0
/home/iot/Self-Driving Robot//IMG2/Image_1702150813923907.jpg,0.0
/home/iot/Self-Driving Robot//IMG2/Image_1702150813989967.jpg,0.0
/home/iot/Self-Driving Robot//IMG2/Image_1702150814054581.jpg,0.0
/home/iot/Self-Driving Robot//IMG2/Image_1702150814123334.jpg,0.0
/home/iot/Self-Driving Robot//IMG2/Image_1702150814190452.jpg,0.0
/home/iot/Self-Driving Robot//IMG2/Image_1702150814255679.jpg,0.0
/home/iot/Self-Driving Robot//IMG2/Image_1702150814323729.jpg,0.0
/home/iot/Self-Driving Robot//IMG2/Image_1702150814387789.jpg,0.0
/home/iot/Self-Driving Robot//IMG2/Image_1702150814454396.jpg,0.0
/home/iot/Self-Driving Robot//IMG2/Image_1702150814522918.jpg,0.0
/home/iot/Self-Driving Robot//IMG2/Image_1702150814586282.jpg,0.0
/home/iot/Self-Driving Robot//IMG2/Image_1702150814654782.jpg,0.0
/home/iot/Self-Driving Robot//IMG2/Image_1702150814718381.jpg,0.0
